,lat,lng
1010,48.2077,16.3705
1020,48.2167,16.4
1030,48.1981,16.3948
1040,48.192,16.3671
1050,48.1865,16.3549
1060,48.1952,16.3503
1070,48.2,16.35
1080,48.2167,16.35
1090,48.2333,16.35
1100,48.1521,16.3878
1110,48.164,16.4463
1120,48.1705,16.3223
1130,48.1773,16.2456
1140,48.2121333,16.1974333
1150,48.196,16.3183
1160,48.2167,16.3
1170,48.2338,16.2901
1180,48.2356,16.3193
1190,48.2591,16.3339
1200,48.2402,16.3773
1210,48.29055,16.38065
1220,48.219,16.495
1230,48.1433,16.2934
1300,48.15,16.5167
2000,48.38544,16.1685
2002,48.5074556,16.2317
2003,48.41,16.25
2004,48.45,16.291675
2011,48.4417111,16.1626778
2013,48.4915083,16.1246583
2014,48.508325,16.05
2020,48.5750647,16.0591235
2022,48.63765,16.13735
2023,48.616675,16.183325
2024,48.6738,16.1813
2031,48.5722333,16.1833333
2032,48.579325,16.256475
2033,48.6222333,16.2277667
2034,48.6653,16.23115
2041,48.6156667,16.1028667
2042,48.63556,16.0411
2051,48.68666,15.94334
2052,48.7,16.0222333
2053,48.7131,16.0234
2054,48.72454,16.04074
2061,48.7025333,16.1529333
2062,48.7146,16.1764
2063,48.7,16.2333
2064,48.7167,16.3
2070,48.7612667,15.9624167
2073,48.73685,15.911375
2074,48.7555667,16.0055667
2081,48.7821,15.8873667
2082,48.83335,15.85835
2083,48.8111333,15.8333333
2084,48.7690571,15.7976286
2091,48.8180667,15.7328667
2092,48.8521667,15.7905667
2093,48.7908667,15.68275
2094,48.83305,15.59995
2095,48.86612,15.61672
2100,48.3527667,16.3472167
2102,48.32994,16.37328
2103,48.3,16.35
2104,48.3833,16.25
2105,48.38998,16.31334
2111,48.4067429,16.3782
2112,48.433325,16.416675
2113,48.475,16.35835
2114,48.47668,16.41334
2115,48.5244,16.35934
2116,48.55835,16.383325
2120,48.375,16.5167
2122,48.39835,16.4785
2123,48.43055,16.4972333
2124,48.475,16.45835
2125,48.479175,16.500025
2126,48.5361,16.4472167
2130,48.5725889,16.5659222
2132,48.625,16.5167
2133,48.6445667,16.4465
2134,48.66336,16.49334
2135,48.71114,16.51058
2136,48.72436,16.38148
2141,48.675,16.55
2143,48.6384,16.72825
2144,48.6333,16.8
2145,48.6167,16.8167
2151,48.59514,16.45422
2152,48.6139,16.3753333
2153,48.6385667,16.2973333
2154,48.662525,16.3708
2161,48.7167,16.6167
2162,48.7167,16.5833
2163,48.75,16.5611
2164,48.7632,16.4955
2165,48.746875,16.6337
2170,48.6555667,16.6277833
2171,48.6833,16.6833
2172,48.7167,16.7167
2181,48.6,16.8167
2182,48.5833,16.8167
2183,48.5989,16.7615
2184,48.5978,16.7563
2185,48.6012,16.7125
2191,48.50554,16.57928
2192,48.55,16.65
2193,48.59165,16.645825
2201,48.3489,16.424
2202,48.3459333,16.4150667
2203,48.370525,16.4607
2211,48.35,16.5333
2212,48.3677,16.6072
2213,48.36,16.6039
2214,48.3667,16.6333
2215,48.3941,16.6582
2221,48.4147,16.6319
2222,48.45095,16.5908
2223,48.4613,16.6368333
2224,48.490125,16.674325
2225,48.5343222,16.7470667
2230,48.3392,16.7202
2231,48.33835,16.6353
2232,48.2887667,16.5666667
2241,48.3548,16.6912
2242,48.3868,16.7389
2243,48.4,16.7
2244,48.4639,16.7365
2245,48.4668,16.78195
2251,48.4333,16.7833
2252,48.4,16.8
2253,48.350525,16.776925
2261,48.38455,16.83335
2262,48.40835,16.8333
2263,48.4691,16.83715
2264,48.5044,16.87905
2265,48.53325,16.8953
2272,48.5667,16.85835
2273,48.6042,16.9047
2274,48.65,16.9
2275,48.6916,16.8695
2276,48.70085,16.796
2281,48.24265,16.57455
2282,48.2570333,16.6311
2283,48.2667,16.7
2284,48.25,16.7333
2285,48.2084,16.69845
2286,48.1918333,16.7589
2291,48.2452,16.81365
2292,48.1611333,16.8666333
2293,48.2789,16.9093
2294,48.22852,16.91562
2295,48.3189,16.8453
2301,48.1825909,16.601
2304,48.1535667,16.7067
2305,48.156475,16.8063
2320,48.12,16.3932
2322,48.12,16.3932
2325,48.12,16.3932
2326,48.12,16.3932
2331,48.1211,16.3404
2332,48.1117,16.3631
2333,48.118,16.3479
2334,48.1211,16.3404
2340,48.093,16.28625
2344,48.1,16.2833
2345,48.107,16.2847
2351,48.070475,16.332275
2352,48.0454,16.2771
2353,48.04615,16.29545
2361,48.0683,16.3561
2362,48.0839,16.3454
2371,48.0854333,16.2269333
2372,48.0978,16.2348
2380,48.1194,16.2661
2381,48.1433,16.19375
2384,48.1333,16.15
2391,48.1165,16.1996
2392,48.0996333,16.1231167
2393,48.075,16.17535
2401,48.1086,16.8053
2402,48.10835,16.7
2403,48.0944333,16.7833333
2404,48.1167,16.85
2405,48.12585,16.921
2410,48.1463,16.945
2412,48.1333,17.0
2413,48.1,17.0083
2421,48.0925,17.0639
2422,48.05,17.0333
2423,48.0167,17.1
2424,47.9831,17.0031
2425,47.9406,17.0694
2431,48.08855,16.6033
2432,48.0667,16.5833
2433,48.0333,16.6
2434,48.00815,16.598325
2435,48.020475,16.58415
2440,47.973575,16.4883
2441,47.9647667,16.4788333
2442,47.95835,16.425
2443,47.92615,16.507975
2444,47.9667,16.5167
2451,47.9365,16.5706
2452,47.9820667,16.5726
2453,47.9833,16.65
2454,48.0167,16.65
2460,48.0167,16.775
2462,48.0129,16.7134333
2463,48.04165,16.65
2464,48.05835,16.71665
2465,48.0667,16.7833
2471,48.0542667,16.8631833
2472,48.0667,16.95
2473,48.0477,16.9432
2474,48.0167,16.9833
2475,48.0167,16.9333
2481,48.0803,16.3861
2482,48.0333,16.3833
2483,47.95,16.4
2485,47.9167,16.425
2486,47.9,16.3777667
2490,47.8826,16.35475
2491,47.859975,16.3991
2492,47.85405,16.32755
2493,47.8457,16.30255
2500,48.0119,16.211925
2504,47.9846,16.2174
2511,48.01995,16.24945
2512,47.99575,16.28135
2514,48.0162667,16.2966667
2521,47.9935,16.3427
2522,47.9757,16.3219
2523,47.95,16.3
2524,47.95,16.2833
2525,47.9392,16.2572
2531,48.0536,16.2
2532,48.04532,16.13074
2533,48.0651,16.0487667
2534,48.04349,16.08669
2540,47.9612667,16.1918
2542,47.9395,16.2218
2544,47.94152,16.21902
2551,47.931,16.1791
2552,47.931,16.1791
2560,47.9163,16.098275
2563,47.9582,16.0948
2564,47.9714533,16.06028
2565,47.99806,16.08392
2571,48.0178,15.9907
2572,48.0359875,15.9153
2601,47.8752667,16.2812
2602,47.9113667,16.2641333
2603,47.8869333,16.2660667
2604,47.85405,16.27755
2620,47.711215,16.075045
2624,47.7476667,16.1409
2625,47.72425,16.16045
2630,47.70306,15.99059
2631,47.742825,15.966725
2632,47.6805667,16.0098778
2640,47.6621387,15.9468742
2641,47.654075,15.90885
2642,47.6383,15.8813
2650,47.6841857,15.855
2651,47.6898818,15.8094091
2654,47.6819,15.79416
2661,47.8362,15.7291
2662,47.8278143,15.7281143
2663,47.86545,15.73255
2671,47.677475,15.87735
2673,47.67425,15.8496
2680,47.6151,15.7755
2700,47.81026,16.22284
2721,47.8369667,16.1422333
2722,47.81,16.11005
2723,47.82855,16.092075
2724,47.8310833,16.0598667
2731,47.7861333,16.0854667
2732,47.78346,16.04636
2733,47.7897182,16.0112182
2734,47.7788667,15.9632
2751,47.86462,16.20792
2752,47.8321333,16.1961
2753,47.8661,16.1095
2754,47.8662,16.053125
2755,47.8785,16.0246
2761,47.85882,15.96842
2763,47.892475,15.9629
2770,47.8801,15.8784
2801,47.76525,16.2766
2802,47.6725857,16.3028857
2803,47.6312667,16.3253333
2811,47.5996,16.26095
2812,47.5741687,16.2622688
2813,47.5870318,16.2193455
2821,47.7309429,16.2452286
2822,47.7166556,16.2141889
2823,47.7123833,16.2070667
2824,47.7096,16.1932
2831,47.6550667,16.1173167
2832,47.65,16.1833
2833,47.6673,16.1769857
2840,47.6110429,16.1367571
2842,47.59002,16.1358
2851,47.52788,16.15818
2852,47.4550056,16.1925556
2853,47.4774333,16.2061
2860,47.5166714,16.2777714
2870,47.5462263,16.0824579
2871,47.5118333,16.1263
2872,47.521825,16.038775
2873,47.5791333,16.0795
2880,47.61054,15.9689
2881,47.6048,15.91315
3001,48.267225,16.10205
3002,48.2654,16.0852
3003,48.2654,16.0852
3004,48.2645,16.0767875
3011,48.1822,15.8775
3012,48.1822,15.8775
3013,48.1822,15.8775
3021,48.1822,15.8775
3031,48.173,15.9527
3032,48.17484,15.96249
3033,48.1619611,15.9448444
3034,48.1858357,15.9558571
3040,48.2235467,15.9033133
3041,48.2326222,15.9289556
3042,48.2501667,15.8673
3051,48.1517,15.88214
3052,48.1364682,15.8938955
3053,48.1118417,15.8808667
3061,48.1951125,15.844375
3062,48.1970923,15.8241077
3071,48.1783667,15.75781
3072,48.1551437,15.7872188
3073,48.1393308,15.7910308
3074,48.12074,15.76327
3100,48.1983167,15.62235
3104,48.1677667,15.6404167
3105,48.24745,15.6731
3107,48.213675,15.629025
3110,48.2370091,15.5537091
3121,48.2717273,15.5493455
3122,48.2988333,15.4996143
3123,48.27948,15.592852
3124,48.3069571,15.5818143
3125,48.3017857,15.6261429
3130,48.2978182,15.7097091
3131,48.32122,15.69522
3133,48.3452111,15.7552444
3134,48.3407857,15.6986286
3140,48.2353,15.7241833
3141,48.2459333,15.77044
3142,48.24666,15.80545
3143,48.182884,15.711592
3144,48.1479417,15.723775
3150,48.083325,15.6072
3151,48.1052154,15.6060538
3153,48.0718833,15.5848167
3160,48.05,15.6196667
3161,48.0498077,15.6707077
3162,48.04865,15.69535
3163,48.0504,15.72465
3170,48.0162867,15.7960667
3171,48.006075,15.76095
3172,48.0037556,15.8002667
3180,48.0009,15.5818111
3183,47.94985,15.554425
3184,47.931,15.493
3192,47.90035,15.5977833
3193,47.86885,15.58115
3195,47.8069,15.4906
3200,48.1338176,15.5372412
3202,48.0895625,15.509525
3203,48.0734818,15.4898091
3204,48.0649545,15.4725182
3205,48.1068182,15.5206636
3211,47.9657556,15.3439667
3212,47.9509312,15.3384875
3213,47.974365,15.32133
3214,47.9441077,15.3039923
3221,47.8868,15.2911
3222,47.86614,15.36712
3223,47.8709167,15.3299167
3224,47.8483,15.324
3231,48.1366692,15.4650308
3232,48.1212905,15.4513429
3233,48.1085848,15.4309065
3240,48.0966897,15.3141897
3241,48.0818,15.3052611
3242,48.0514808,15.3065077
3243,48.0994529,15.2996137
3244,48.1029471,15.2825
3250,48.1139839,15.1317161
3251,48.0909813,15.1381594
3252,48.11338,15.14232
3253,48.1481778,15.1772
3254,48.1084,15.1404
3261,48.0697395,15.0402974
3262,48.0518833,15.0077222
3263,48.0338727,14.9921182
3264,48.0054071,15.0304786
3270,48.0086071,15.1594
3281,48.054264,15.216046
3282,48.0398444,15.2184667
3283,48.03025,15.2032429
3291,47.9456,15.1271
3292,47.9128,15.0953
3293,47.8951,15.0591
3294,47.883775,15.109325
3295,47.8831,15.1267
3300,48.1196714,14.8441571
3304,48.1238833,14.9209833
3311,48.1198,14.83605
3312,48.1168667,14.7819667
3313,48.14668,14.73666
3314,48.1364833,14.7056
3321,48.15002,14.82334
3322,48.1502333,14.9086667
3323,48.1816556,14.9065778
3324,48.1308,14.9089
3325,48.1143333,14.9722667
3331,47.9973,14.73462
3332,47.9878,14.73065
3333,47.98465,14.7259
3334,47.9057143,14.7167714
3335,47.86478,14.67614
3340,47.9272615,14.8131692
3341,47.8983714,14.8728929
3342,47.8739286,14.8397571
3343,47.8525,14.8278643
3344,47.8534,14.87035
3345,47.8215077,14.8801692
3350,48.0774786,14.59475
3351,48.05425,14.59435
3352,48.03895,14.59625
3353,48.025,14.675
3354,48.0626,14.63605
3355,47.977,14.6313
3361,48.0671,14.7645111
3362,48.1043667,14.8002
3363,48.067575,14.8022
3364,48.0602125,14.8286
3365,48.0449,14.79705
3370,48.15754,15.07424
3371,48.1282545,15.0575091
3372,48.123425,15.010975
3373,48.1469,15.07195
3374,48.1701667,15.0924333
3375,48.15504,15.07848
3376,48.1555667,15.0388667
3380,48.19676,15.30392
3381,48.193925,15.371925
3382,48.2067545,15.3995273
3383,48.1674462,15.42405
3384,48.1905769,15.4495769
3385,48.19009,15.496425
3386,48.2076619,15.4602952
3390,48.2144357,15.3297714
3392,48.2392125,15.372
3393,48.1978875,15.29025
3400,48.3528,15.9306
3413,48.3,16.2167
3420,48.3303,16.1979
3421,48.3303,16.1979
3422,48.3406,16.2443667
3423,48.3281667,16.1977
3424,48.321,16.1772
3425,48.3303,16.1979
3426,48.32755,16.1492
3430,48.33957,16.04618
3433,48.302,16.1449
3434,48.2855,16.1108333
3435,48.3335286,15.9364
3441,48.27584,15.99994
3442,48.3199,16.00125
3443,48.2426778,16.0065611
3451,48.2787714,15.9405286
3452,48.2900571,15.8786429
3454,48.3192316,15.8135053
3462,48.38824,15.95982
3463,48.4,16.0278
3464,48.3851778,16.0852
3465,48.41225,15.98285
3470,48.4374875,15.8916625
3471,48.4833,15.875
3472,48.5,15.8167
3473,48.51666,15.78
3474,48.39666,15.86
3481,48.4333,15.83335
3482,48.475,15.8167
3483,48.43035,15.77915
3484,48.40685,15.777075
3485,48.4222167,15.7388667
3491,48.49418,15.74404
3492,48.45105,15.7342
3493,48.45835,15.7167
3494,48.42165,15.6922667
3495,48.4542,15.7202
3500,48.4236182,15.5889545
3506,48.386025,15.6563
3508,48.3592714,15.6351857
3511,48.3705,15.5956857
3512,48.3653333,15.5536
3521,48.4667571,15.4191571
3522,48.4982143,15.3703071
3524,48.48504,15.2934
3525,48.4667667,15.2667667
3531,48.5471,15.2876167
3532,48.5675455,15.3408545
3533,48.5745571,15.2660857
3541,48.4476375,15.5379625
3542,48.5215,15.4759048
3543,48.5570143,15.4450143
3544,48.583325,15.474975
3550,48.4735,15.66675
3552,48.471175,15.57955
3553,48.517725,15.5815
3561,48.475,15.675
3562,48.5350429,15.6772
3564,48.5619,15.7
3571,48.5918083,15.6427833
3572,48.5840167,15.5609
3573,48.6205,15.6191
3580,48.6597429,15.6446786
3591,48.64332,15.57668
3592,48.6565,15.5097
3593,48.6372125,15.4646625
3594,48.6047714,15.3952429
3595,48.68223,15.49714
3601,48.3921333,15.5145667
3602,48.393225,15.5051
3610,48.4107,15.4383857
3611,48.4161,15.39065
3613,48.4480333,15.3698417
3620,48.3668286,15.3670429
3621,48.37574,15.387
3622,48.391525,15.336525
3623,48.417812,15.300076
3631,48.4194437,15.1954875
3632,48.4409687,15.1201375
3633,48.4518417,15.0476917
3641,48.312275,15.403825
3642,48.28836,15.39005
3643,48.2989667,15.3468722
3644,48.2639308,15.3380769
3650,48.3043327,15.2151058
3652,48.2583733,15.2530667
3653,48.2987074,15.2535815
3654,48.3334143,15.2614786
3660,48.2167,15.2167
3661,48.2704429,15.1954214
3662,48.2666143,15.1416286
3663,48.3164,15.1435
3664,48.3645941,15.1562765
3665,48.36998,15.09334
3671,48.2234429,15.1456857
3672,48.2296222,15.1650333
3680,48.20884,15.0916
3681,48.225637,15.0628778
3683,48.2501833,15.0626
3684,48.2273,15.0666
3691,48.2250857,14.9932143
3701,48.4622091,15.9836091
3702,48.4555667,16.05
3704,48.5,15.9333
3710,48.53218,15.94034
3711,48.52365,15.87305
3712,48.562475,15.842525
3713,48.5851667,15.7788889
3714,48.6065286,15.9319714
3720,48.5523857,15.8523857
3721,48.5861,15.864375
3722,48.61345,15.8573
3730,48.6401214,15.8291857
3741,48.7037,15.85702
3742,48.7361,15.7897333
3743,48.6985,15.8036
3744,48.6523333,15.7285667
3751,48.69058,15.7448
3752,48.7295429,15.7300714
3753,48.7502929,15.6398714
3754,48.7433429,15.5553429
3761,48.7176167,15.5209667
3762,48.7635667,15.4828333
3763,48.798775,15.57085
3800,48.73668,15.36666
3804,48.7035833,15.2954833
3811,48.75,15.395825
3812,48.8020875,15.4124875
3813,48.7907,15.4343
3814,48.7997625,15.4752375
3820,48.8501867,15.4830533
3822,48.8806083,15.401975
3823,48.9198625,15.461125
3824,48.8880167,15.5212167
3830,48.8177667,15.2837208
3834,48.8394545,15.1836909
3841,48.7720167,15.28735
3842,48.8681143,15.2749714
3843,48.91139,15.30726
3844,48.9533111,15.3438333
3851,48.9342444,15.2400667
3852,48.8963,15.2137444
3860,48.8575727,15.1166727
3861,48.9083333,15.1607333
3862,48.89365,15.103475
3863,48.9666667,15.1388667
3871,48.859225,15.015875
3872,48.8333167,15.0611
3873,48.874975,15.025
3874,48.9573588,15.0570706
3900,48.73669,15.26255
3902,48.7689333,15.1850222
3903,48.7113333,15.2071167
3910,48.6108125,15.1642969
3911,48.531675,15.0812643
3912,48.4916625,15.1562375
3913,48.5366333,15.1857667
3914,48.5276,15.2319714
3920,48.5709159,14.9599409
3921,48.5781333,14.8967944
3922,48.6424846,14.9480769
3923,48.6312167,15.0136167
3924,48.586,15.0158167
3925,48.49661,14.94282
3931,48.660535,15.06105
3932,48.7154556,15.1056444
3942,48.74165,15.1167
3943,48.7862,15.063775
3944,48.7611333,15.1055667
3945,48.7699,15.0468
3950,48.7682333,14.9631222
3961,48.7246375,14.9751875
3962,48.7555667,14.8527833
3970,48.6886565,14.8670783
3971,48.6645182,14.8307182
3972,48.6384,14.8326818
3973,48.62595,14.7988
4020,48.3041,14.262
4030,48.3064,14.2861
4040,48.3491933,14.2701333
4048,48.32842,14.2384
4050,48.21818,14.24174
4052,48.2055625,14.2747375
4053,48.1883778,14.2448778
4055,48.18317,14.21138
4060,48.272905,14.24243
4061,48.2616857,14.203
4062,48.2598727,14.1465727
4063,48.2471,14.1857692
4064,48.2370583,14.1444917
4070,48.3007723,14.0310936
4072,48.279225,14.094935
4073,48.2990067,14.1796867
4074,48.3180211,14.0057579
4075,48.2804,14.0228
4076,48.2842833,13.9950333
4081,48.3931711,13.9386974
4082,48.3792333,13.9839333
4083,48.4092205,13.907141
4084,48.39832,13.89899
4085,48.4103906,13.8890937
4090,48.5189875,13.6462
4091,48.5271333,13.63455
4092,48.5336,13.5904043
4100,48.3417429,14.1908857
4101,48.3554042,14.0798083
4102,48.32515,14.1173
4111,48.346925,14.1450583
4112,48.38293,14.1272
4113,48.407355,14.05648
4114,48.4169,14.0299444
4115,48.4268818,14.0385909
4116,48.4516167,14.06965
4120,48.4980923,13.9917308
4121,48.4947923,13.9708346
4122,48.5117588,13.9857765
4131,48.4728167,13.8956611
4132,48.4882222,13.8974667
4133,48.4709824,13.8752118
4134,48.4955429,13.8790571
4141,48.5169115,13.8118077
4142,48.505,13.7967286
4143,48.5145143,13.7556357
4144,48.548285,13.792145
4150,48.5765559,13.9345324
4151,48.5885909,13.9212864
4152,48.5661786,13.8983429
4153,48.5973208,13.9006667
4154,48.5883643,13.8484
4155,48.6348,13.8452
4160,48.6547278,13.9451556
4161,48.6798722,13.9168278
4162,48.6633417,13.870225
4163,48.700775,13.883375
4164,48.7197,13.82485
4170,48.5454077,14.0787282
4171,48.5153375,14.089625
4172,48.4865,14.12335
4173,48.474325,14.1476667
4174,48.4577,14.09538
4175,48.4405091,14.125
4180,48.4876182,14.2314636
4181,48.47525,14.2149125
4182,48.4776444,14.1896556
4183,48.5090091,14.2066
4184,48.5298107,14.1721321
4190,48.528463,14.2965593
4191,48.5503467,14.24674
4192,48.5212444,14.3378778
4193,48.5419333,14.3640667
4201,48.3955143,14.2202357
4202,48.413252,14.299528
4203,48.3839478,14.3284739
4204,48.4212043,14.3259783
4209,48.3724645,14.3429484
4210,48.38195,14.43159
4211,48.4051652,14.4246087
4212,48.423171,14.4642065
4221,48.29385,14.4134333
4222,48.2810222,14.4666111
4223,48.30256,14.47573
4224,48.3057483,14.4713414
4225,48.285525,14.4421625
4230,48.3624348,14.552113
4232,48.38125,14.51635
4240,48.5109333,14.4552556
4242,48.4944538,14.4172385
4251,48.5487588,14.6721059
4252,48.5284929,14.7869429
4261,48.5646417,14.4705
4262,48.6049636,14.4932818
4263,48.5790143,14.5571429
4264,48.5350111,14.5467667
4271,48.485575,14.651175
4272,48.4767684,14.7134368
4273,48.4577708,14.7469708
4274,48.4173389,14.7210944
4280,48.3738692,14.7728615
4281,48.3600333,14.7615111
4282,48.3573,14.7340313
4283,48.3578583,14.7003917
4284,48.3534533,14.6812067
4291,48.4534611,14.57365
4292,48.4369625,14.5503375
4293,48.4309526,14.6057474
4294,48.4444409,14.6462955
4300,48.1555667,14.5074
4303,48.18335,14.54445
4310,48.2631429,14.5357214
4311,48.2751533,14.55828
4312,48.2755048,14.5286286
4320,48.2625833,14.65615
4322,48.2718556,14.6751556
4323,48.2666231,14.6923231
4324,48.2776333,14.6817556
4331,48.2120615,14.6321308
4332,48.22514,14.6114
4341,48.2245429,14.7153
4342,48.2117947,14.7282105
4343,48.200905,14.71175
4351,48.2129,14.7927125
4352,48.2288267,14.7856267
4360,48.2646,14.8385071
4362,48.2770056,14.8233
4363,48.2946062,14.8292625
4364,48.2866,14.8131929
4371,48.3220222,14.9040222
4372,48.3604333,14.90625
4381,48.2334,14.9028333
4382,48.231875,14.94355
4391,48.27075,14.9452125
4392,48.2707,14.9452
4400,48.0343923,14.4093769
4407,48.0689667,14.4217167
4421,48.00172,14.32712
4431,48.0849667,14.492
4432,48.15,14.5
4441,48.021625,14.494775
4442,47.9888143,14.5193714
4443,47.97625,14.538075
4451,47.9940438,14.4000375
4452,47.9333,14.35
4453,47.9333,14.35
4460,47.93715,14.44335
4461,47.9446333,14.4454667
4462,47.8833,14.45835
4463,47.891,14.4995111
4464,47.8167,14.6333
4470,48.2066071,14.4577071
4481,48.2229167,14.4195167
4482,48.1911,14.47175
4483,48.1558455,14.4319364
4484,48.1563214,14.4520071
4490,48.1971,14.3780667
4491,48.1641556,14.3378667
4492,48.16782,14.3732
4493,48.15005,14.3639
4501,48.1387,14.2276
4502,48.1439571,14.2920071
4511,48.1499,14.19636
4521,48.07095,14.2975625
4522,48.06765,14.299975
4523,48.0321333,14.3395667
4531,48.0930909,14.2103818
4532,48.0756,14.1959889
4533,48.0972667,14.2164833
4540,48.0364,14.1821
4541,47.9996667,14.1961833
4542,47.9880714,14.1623714
4550,48.0169667,14.1118667
4551,48.0178182,14.0813909
4552,48.0038714,14.1178286
4553,47.95472,14.11284
4554,47.96245,14.1347
4560,47.9056,14.1223
4562,47.8926,14.0304
4563,47.89345,14.1231
4564,47.8314,14.1572
4565,47.915925,14.082925
4571,47.8068333,14.1515667
4572,47.755975,14.2018
4573,47.7173429,14.1930429
4574,47.727325,14.2142
4575,47.7276778,14.2654667
4580,47.7188667,14.3501
4581,47.7158333,14.3717667
4582,47.6927429,14.3435
4591,47.855125,14.292825
4592,47.9270667,14.2398
4593,47.9482,14.2466
4594,47.9533,14.28758
4595,47.9935143,14.2611286
4596,47.96385,14.275075
4600,48.1675,14.0237884
4611,48.221528,14.042764
4612,48.2417733,14.0248067
4613,48.22175,14.0569875
4614,48.2056167,14.0860667
4615,48.2238333,14.0695667
4616,48.184175,14.1012375
4621,48.1097556,14.0553556
4622,48.13485,14.100125
4623,48.1422481,13.9503865
4624,48.138368,13.935284
4625,48.1421437,13.9376719
4631,48.192144,13.914372
4632,48.1882193,13.896893
4633,48.1829706,13.8700706
4641,48.0581143,14.0195286
4642,48.04692,14.05383
4643,47.9632385,14.0210846
4644,47.8976333,13.9440833
4645,47.8759,13.9531
4650,48.0694382,13.9114412
4651,48.0718333,13.8749
4652,48.0624774,13.9486774
4653,48.0331875,13.9690625
4654,48.0482615,13.9011
4655,48.0292034,13.9252414
4656,48.0269818,13.9154318
4661,48.0162538,13.8443615
4662,47.9819,13.8217
4663,47.9819,13.8217
4664,48.005,13.836925
4671,48.1369821,13.763475
4672,48.1426545,13.7627364
4673,48.1452684,13.7474842
4674,48.1440077,13.7412231
4675,48.151819,13.7399
4676,48.1518929,13.7495143
4680,48.1839,13.6511
4681,48.1923444,13.6571667
4682,48.17568,13.6498433
4690,48.0480538,13.7741692
4691,48.05383,13.78213
4692,48.0562571,13.770481
4693,48.0366,13.773015
4694,48.033425,13.7775821
4701,48.23214,13.90752
4702,48.2270158,13.9216316
4707,48.2258692,13.8964051
4710,48.2421391,13.8052435
4712,48.2609081,13.8035757
4713,48.2412846,13.7965077
4714,48.2318846,13.7948872
4715,48.2451386,13.7833068
4716,48.2373333,13.7808667
4720,48.3619,13.7371309
4721,48.35835,13.72438
4722,48.365141,13.7455313
4723,48.3800439,13.736222
4724,48.3804211,13.7521351
4725,48.3952132,13.7339474
4730,48.3231828,13.8710259
4731,48.3137974,13.9028769
4732,48.3064611,13.8799889
4733,48.3275412,13.8674529
4741,48.2333273,13.6251136
4742,48.2320707,13.6159268
4743,48.2325,13.60958
4751,48.2783083,13.6052792
4752,48.2871857,13.6011857
4753,48.2810364,13.5877727
4754,48.27616,13.5687133
4755,48.2908133,13.5991367
4760,48.3653941,13.6553765
4761,48.3776667,13.6542444
4762,48.3641818,13.6745
4770,48.3754352,13.5410463
4771,48.3829556,13.5493444
4772,48.3594105,13.5276684
4773,48.3696692,13.5129462
4774,48.3787667,13.4883905
4775,48.3898286,13.5313971
4776,48.3939143,13.5514886
4777,48.3540333,13.5127333
4780,48.48945,13.4676167
4782,48.4819792,13.4809333
4783,48.5096083,13.4737083
4784,48.52356,13.491665
4785,48.5559444,13.5053667
4786,48.4987667,13.4791667
4791,48.462315,13.5949
4792,48.4727143,13.5972857
4793,48.4759765,13.6224118
4794,48.4546407,13.6358111
4800,47.9381474,13.738
4801,47.87905,13.76415
4802,47.8200545,13.7526636
4810,47.9173857,13.7894571
4812,47.9207667,13.7701111
4813,47.8966333,13.7470667
4814,47.89135,13.716225
4816,47.9459,13.82565
4817,47.9161167,13.8534667
4820,47.71005,13.6225111
4821,47.6912667,13.6143333
4822,47.6352387,13.6305
4823,47.5907,13.6534
4824,47.5842,13.5345
4825,47.5842,13.5345
4830,47.5597333,13.6450667
4831,47.5537,13.6849
4840,48.0298158,13.6431421
4841,48.0358359,13.6369564
4842,48.0351087,13.6337
4843,48.0444167,13.6237833
4844,48.0252765,13.6456706
4845,48.0174053,13.6541842
4846,48.0321,13.6385
4849,48.0333,13.5667
4850,47.954737,13.5823889
4851,47.954688,13.568288
4852,47.92585,13.576625
4853,47.9069333,13.5703
4854,47.8934667,13.5605
4860,47.9260471,13.5721118
4861,47.9212318,13.5821182
4863,47.9250368,13.5606158
4864,47.9124,13.5426222
4865,47.87982,13.53001
4866,47.8599833,13.5214167
4870,48.0438273,13.4915236
4871,48.046412,13.493372
4872,48.0487618,13.4983529
4873,48.0563273,13.4910576
4880,47.9247286,13.4734393
4881,47.9112944,13.4597833
4882,47.8826,13.4585
4890,47.9712614,13.3799818
4891,47.983569,13.3671517
4892,47.9805793,13.3824966
4893,47.9525762,13.3623905
4894,47.9672375,13.360275
4901,48.113559,13.6258949
4902,48.1155333,13.6376048
4903,48.1146563,13.6288313
4904,48.1094286,13.6435857
4906,48.1243658,13.60985
4910,48.1860833,13.48635
4911,48.1958778,13.4884611
4912,48.1901895,13.4850632
4920,48.1528435,13.4753565
4921,48.1667269,13.4935615
4922,48.172725,13.5217125
4923,48.15268,13.45614
4924,48.1461355,13.4654645
4925,48.1496278,13.48405
4926,48.16118,13.50022
4931,48.1647438,13.351675
4932,48.1791154,13.3593923
4933,48.1721333,13.3507067
4941,48.2224652,13.3986565
4942,48.23405,13.3726545
4943,48.2371688,13.3590562
4950,48.2323563,13.215525
4951,48.2308222,13.2412778
4952,48.2357333,13.1945952
4961,48.27124,13.16718
4962,48.2742286,13.1590143
4963,48.2653333,13.13105
4970,48.27664,13.43651
4971,48.2854688,13.4410375
4972,48.2931042,13.4431292
4973,48.291332,13.43258
4974,48.3052714,13.4408071
4975,48.36472,13.43914
4980,48.340075,13.3975875
4981,48.32795,13.3711167
4982,48.3093267,13.3466467
4983,48.3086917,13.3550833
4984,48.3031071,13.3628643
5020,47.7994,13.044
5023,47.8066,13.0673333
5026,47.7994,13.044
5061,47.7699,13.09211
5071,47.789275,12.9798167
5081,47.7578,13.047
5082,47.758875,13.02815
5083,47.7328333,13.0368667
5084,47.7167,12.9167
5090,47.5957286,12.7050714
5091,47.63442,12.70586
5092,47.573575,12.702125
5093,47.54554,12.73838
5101,47.86838,13.02958
5102,47.893,13.0237846
5110,47.9568333,12.9356333
5111,47.9834,12.9179
5112,47.9871,12.9604095
5113,47.9823062,12.9278562
5114,47.954,12.9583286
5120,48.06128,12.856405
5121,48.0832043,12.8319239
5122,48.1105833,12.8401667
5131,48.1301923,12.9428154
5132,48.1393737,12.9447263
5133,48.1406286,12.9427333
5134,48.1513781,12.9507344
5141,48.0968667,13.00902
5142,48.1059966,13.0112724
5143,48.1022553,13.0202421
5144,48.1130735,13.0136118
5145,48.1209306,13.0196367
5151,47.9511957,12.994913
5152,47.9769083,13.0070833
5161,47.8667,13.0667
5162,47.9487714,13.0496714
5163,47.9745667,13.0827333
5164,47.95835,13.075
5165,47.9744,13.0602
5166,47.9690067,13.0739467
5201,47.9182947,13.1559105
5202,47.9369462,13.2182769
5203,47.9405273,13.1930364
5204,47.95007,13.2338367
5205,47.95,13.15
5211,48.01206,13.254852
5212,48.0186143,13.2802
5221,48.0286152,13.1600667
5222,48.039752,13.166756
5223,48.0465167,13.15305
5224,48.0424,13.1485364
5225,48.0397778,13.1576556
5230,48.1073,13.1508
5231,48.1032458,13.1208542
5232,48.0951962,13.1074846
5233,48.1070273,13.0972485
5241,48.1352348,13.2242174
5242,48.1232238,13.246981
5251,48.1640706,13.2683647
5252,48.1662529,13.2777706
5261,48.161713,13.133387
5270,48.1966316,13.1658316
5271,48.1999692,13.1722692
5272,48.1951632,13.1892737
5273,48.1986852,13.1997
5274,48.1992852,13.1725
5280,48.241505,13.037295
5282,48.24028,13.03547
5300,47.849975,13.1036
5301,47.85948,13.14909
5302,47.88335,13.175
5303,47.8468625,13.202275
5310,47.85166,13.34763
5311,47.8444333,13.3682667
5321,47.807175,13.17715
5322,47.8193,13.2149
5323,47.77465,13.1875167
5324,47.7638,13.22477
5325,47.8333,13.1833
5330,47.8,13.3
5340,47.7653,13.370825
5342,47.73615,13.4083
5350,47.70824,13.49418
5351,47.70738,13.54772
5360,47.7258923,13.5364
5400,47.6908091,13.0946091
5411,47.7162333,13.1192
5412,47.72595,13.110075
5421,47.697,13.14205
5422,47.6902,13.1523
5423,47.6902,13.1523
5424,47.67942,13.15424
5425,47.70345,13.1678
5431,47.6233,13.1403778
5440,47.5986,13.21284
5441,47.5853227,13.3344227
5442,47.58918,13.41046
5450,47.475,13.183325
5451,47.4944333,13.1667
5452,47.4631909,13.2108727
5453,47.4611333,13.25
5500,47.4177778,13.2166667
5505,47.375,13.125
5511,47.41002,13.31002
5521,47.40835,13.3167
5522,47.4811,13.37225
5523,47.4739,13.371
5524,47.48557,13.38163
5531,47.4185333,13.4444667
5532,47.44165,13.5
5541,47.3714333,13.4022333
5542,47.36105,13.389525
5550,47.38664,13.46532
5552,47.3667,13.5333
5561,47.3,13.5
5562,47.21645,13.57885
5563,47.1833,13.6
5570,47.136675,13.703925
5571,47.1555667,13.75
5572,47.15,13.7833
5573,47.1513,13.7416
5574,47.1833,13.75
5575,47.159,13.77915
5580,47.1325875,13.823925
5581,47.0833,13.6833
5582,47.0972167,13.6277667
5583,47.1051667,13.6652333
5584,47.128875,13.6156
5585,47.1127,13.7426
5591,47.0699,13.8441667
5592,47.0679,13.7853
5600,47.35632,13.22379
5602,47.3426857,13.2890429
5603,47.2772,13.3195
5611,47.24445,13.2073
5612,47.1611333,13.2666667
5620,47.3205,13.1517
5621,47.3333,13.11665
5622,47.319225,13.0884167
5630,47.19549,13.10909
5632,47.2424667,13.0984333
5640,47.1155,13.1347
5645,47.1155,13.1347
5651,47.30073,13.02345
5652,47.3667,13.0
5660,47.2661077,12.9552154
5661,47.219275,12.970475
5662,47.2522462,12.9472
5671,47.2844667,12.8259
5672,47.2845,12.8259
5700,47.3314143,12.7985
5710,47.2724,12.7598
5721,47.286775,12.71545
5722,47.2836,12.6209714
5723,47.28179,12.58757
5724,47.28664,12.52668
5730,47.285365,12.45416
5731,47.2811333,12.4240778
5732,47.2833167,12.3778
5733,47.264225,12.3437625
5741,47.24694,12.2586
5742,47.2445833,12.2111833
5743,47.2289333,12.1589333
5751,47.3691667,12.8
5752,47.3667,12.7333
5753,47.3914,12.6364
5754,47.3768,12.5958
5760,47.4124943,12.84544
5761,47.40476,12.8938
5771,47.4433313,12.7393812
6020,47.24595,11.4017583
6060,47.2897333,11.4922667
6063,47.29165,11.45835
6065,47.3,11.4667
6067,47.3,11.5
6068,47.2833,11.5333
6069,47.3167,11.5667
6070,47.2667,11.45
6071,47.25,11.45
6072,47.2383,11.4314
6073,47.24165,11.45
6074,47.25,11.5
6075,47.262,11.5334
6080,47.2333,11.40835
6082,47.2,11.4167
6083,47.1667,11.45
6091,47.2351,11.34245
6092,47.2354,11.2992
6094,47.225725,11.28345
6095,47.2293,11.2532
6100,47.3284,11.16388
6103,47.3,11.2
6105,47.3689,11.144
6108,47.389,11.2645
6111,47.2777667,11.5611333
6112,47.2833,11.6
6113,47.2833,11.6
6114,47.3,11.6333
6115,47.2815,11.6529
6116,47.2831,11.5957
6121,47.3,11.5667
6122,47.3,11.5833
6123,47.3245571,11.6342429
6130,47.3517,11.7101
6133,47.3455,11.6922
6134,47.34165,11.679175
6135,47.36465,11.71365
6136,47.3167,11.6833
6141,47.1833,11.4167
6142,47.1667,11.3833
6143,47.13526,11.45242
6145,47.1333,11.5055667
6150,47.0833333,11.4416833
6152,47.0833,11.4167
6154,47.0802667,11.5262333
6156,47.05,11.4833
6157,47.0167,11.4167
6161,47.2341,11.3734
6162,47.2166667,11.3833
6165,47.166475,11.3594
6166,47.16,11.3516
6167,47.12965,11.3298
6170,47.29165,11.1833
6173,47.2333,11.25
6175,47.25,11.28335
6176,47.25,11.31665
6178,47.2667,11.25
6179,47.2604,11.2583
6181,47.2167,11.2167
6182,47.23575,11.0697
6183,47.2135,11.0231
6184,47.2254,11.0948
6200,47.3928,11.7764
6210,47.4053125,11.7974625
6212,47.4212,11.7531
6213,47.4406,11.6949
6215,47.4957,11.66048
6220,47.3745,11.754
6222,47.3681,11.7716
6230,47.4265333,11.9003667
6232,47.4216,11.8336
6233,47.4463,11.87775
6234,47.5036,11.88895
6235,47.4111333,11.8890333
6236,47.4006,11.9168
6240,47.4394,11.8941
6241,47.4481,11.9142
6250,47.4632,11.9836333
6252,47.47615,11.9831
6260,47.3924,11.86485
6261,47.38115,11.8265
6262,47.3667,11.8333
6263,47.3494,11.84654
6264,47.3344,11.8292
6265,47.3503667,11.8660667
6271,47.3083,11.8721667
6272,47.2833,11.875
6273,47.3,11.8667
6274,47.2656,11.9068
6275,47.2833,11.8833
6276,47.2791,11.8999
6277,47.2333,11.86665
6278,47.2179,11.9003
6280,47.2277667,11.9111
6281,47.2167,12.0
6283,47.212675,11.864925
6284,47.2038,11.8754
6290,47.170225,11.86475
6292,47.17375,11.84615
6293,47.15905,11.84485
6294,47.1681,11.8564
6295,47.1674,11.86155
6300,47.4891,12.0617
6305,47.4667,12.1333
6306,47.5038,12.1922
6311,47.4200333,12.0218333
6313,47.4217,12.0411
6314,47.44995,12.0953
6320,47.5096333,12.0443667
6321,47.5,12.0667
6322,47.5174,12.0963
6323,47.5107,12.1191
6324,47.5333,12.05
6330,47.5770545,12.1755273
6334,47.546,12.1405
6335,47.58715,12.0603167
6336,47.542375,12.1032
6341,47.6311125,12.230825
6342,47.65,12.2167
6343,47.6777667,12.1944333
6344,47.644725,12.302975
6345,47.6699,12.4055
6346,47.6643,12.2368
6347,47.6572,12.2687
6351,47.5166,12.2218
6352,47.5138,12.2994
6353,47.50334,12.33522
6361,47.4256286,12.1421714
6363,47.4321,12.2141
6364,47.45,12.25
6365,47.45605,12.333
6370,47.45655,12.37105
6371,47.4481,12.3859
6372,47.5,12.3833
6373,47.3792,12.4181
6380,47.5233,12.4232
6382,47.5698,12.4559
6383,47.5698,12.4559
6384,47.5833,12.5667
6385,47.6333,12.3833
6391,47.4833,12.55
6392,47.475,12.5833
6393,47.475,12.5833
6395,47.4667,12.6167
6401,47.2694167,11.1935333
6402,47.2759,11.1601
6403,47.2833,11.1167
6404,47.27835,11.145
6405,47.3,11.0833
6406,47.3,11.0833
6408,47.3,11.1333
6410,47.3172455,11.0876182
6413,47.3167,11.0167
6414,47.295825,10.975
6416,47.3,10.9333
6421,47.2833,11.05
6422,47.276,10.9832
6423,47.2833,10.95
6424,47.2667,10.9333
6425,47.2471,10.8789333
6426,47.2167,10.8167
6430,47.24165,10.86665
6432,47.2,10.8667
6433,47.2166667,10.9055667
6441,47.1461167,10.9277833
6444,47.074,10.9695
6450,46.923025,11.009475
6452,46.9667,11.0
6456,46.92215,11.0172
6458,46.9167,10.96665
6460,47.245,10.7397
6462,47.2167,10.7833
6463,47.2686,10.7813
6464,47.27416,10.77888
6465,47.3167,10.8333
6471,47.1904571,10.7500143
6473,47.1543333,10.6944333
6474,47.1796,10.7333
6481,47.0517333,10.834
6491,47.1967,10.6574
6492,47.2052,10.696
6493,47.2062,10.6748
6500,47.136125,10.562525
6511,47.16505,10.6079
6521,47.1167,10.6167
6522,47.0833,10.6667
6524,47.0867,10.66
6525,47.1,10.6667
6526,47.0833,10.6833
6527,47.0867,10.66
6528,47.05,10.6667
6531,47.05,10.65
6532,47.0667,10.6333
6533,47.05,10.6167
6534,47.0333,10.6
6541,47.025,10.60835
6542,46.9611,10.5555667
6543,46.8833,10.5167
6544,46.9694,10.5667
6551,47.1341,10.5062
6552,47.1167,10.5167
6553,47.0833,10.4555667
6555,47.0777667,10.4389
6561,47.0126,10.2918
6562,46.9833,10.25
6563,46.9667,10.1833
6571,47.1333,10.45
6572,47.15,10.4
6574,47.1472,10.3972
6580,47.13875,10.2735
6591,47.1368,10.50705
6600,47.50385,10.70239
6604,47.4667,10.6833
6610,47.4881,10.6878
6611,47.45,10.75
6621,47.41046,10.80106
6622,47.39965,10.7378
6623,47.35835,10.675
6631,47.4123333,10.8602333
6632,47.4,10.9167
6633,47.3833,10.9
6642,47.3833,10.5667
6644,47.3388667,10.5333
6645,47.3667,10.5333
6646,47.3381,10.5548
6647,47.3,10.59165
6650,47.2667,10.5333
6651,47.3067,10.48195
6652,47.28482,10.41664
6653,47.267025,10.391325
6654,47.2654,10.3679
6655,47.24702,10.3117
6670,47.4167,10.5833
6671,47.499,10.5276
6672,47.4776,10.608975
6673,47.50835,10.55
6675,47.4993,10.5164
6677,47.5176857,10.4619857
6682,47.55,10.6333
6691,47.5741,10.4472
6700,47.1403333,9.8408333
6706,47.1497,9.8
6707,47.1464,9.7774
6708,47.1008,9.7372
6710,47.18975,9.6974
6712,47.2,9.7667
6713,47.2003,9.7947
6714,47.1667,9.8
6719,47.2,9.7331
6721,47.2167,9.7831
6722,47.22,9.8086
6723,47.2233,9.8341
6731,47.2384375,9.903275
6733,47.2538143,9.9075143
6741,47.212175,9.853375
6751,47.1494,9.9087
6752,47.1289,10.01215
6754,47.1333,10.0833
6762,47.1333,10.1667
6763,47.208,10.1418
6764,47.16625,10.0664
6767,47.2617333,10.1731667
6771,47.0895,9.8826
6773,47.0957,9.8652
6774,47.0833,9.9
6780,47.0611,9.9378
6781,47.0814667,9.9292667
6782,47.0937,9.9831
6787,46.9674,9.9183
6791,46.99895,10.0131
6793,46.9833,10.0333
6794,46.9667,10.05
6800,47.2331,9.6
6811,47.2336,9.6346
6812,47.2989,9.5786
6820,47.2057,9.6382333
6822,47.21995,9.7130833
6824,47.20835,9.7
6830,47.2689,9.67155
6832,47.29025,9.6533
6833,47.31205,9.66035
6834,47.23475,9.66875
6835,47.28605,9.668225
6836,47.2997,9.6667
6837,47.2997,9.65
6840,47.3331,9.6331
6841,47.35,9.6167
6842,47.3331,9.6
6844,47.35,9.65
6845,47.3667,9.6831
6850,47.4142,9.79675
6858,47.4374,9.77365
6861,47.4502,9.8315
6863,47.43255,9.90645
6866,47.4117,9.8933
6867,47.4141,9.8515
6870,47.37795,9.8981
6874,47.37695,9.9149
6881,47.3504,9.8992
6882,47.3513,9.93105
6883,47.322,9.9891
6884,47.2803,9.8916
6886,47.312,10.0165
6888,47.2576,10.092
6890,47.4264,9.6585
6900,47.525775,9.770125
6911,47.5232333,9.7601333
6912,47.55835,9.78335
6914,47.5833,9.7833
6921,47.4831,9.7667
6922,47.4667,9.75
6923,47.4831,9.7331
6932,47.5143,9.8877
6933,47.4928,9.8797
6934,47.525,9.89165
6941,47.4667,9.8833
6942,47.47045,9.9477
6943,47.5,9.9667
6951,47.45,9.9
6952,47.4495333,9.9887
6960,47.4836,9.8449
6971,47.4831,9.6831
6972,47.4793,9.6628
6973,47.4693,9.65165
6974,47.4667,9.6
6991,47.3505,10.1823
6992,47.3481,10.1714
6993,47.3237,10.1546
7000,47.8457333,16.5258
7011,47.781,16.5423
7012,47.7647,16.5138
7013,47.7728,16.5281
7020,47.6966,16.4792
7021,47.7427,16.4937
7022,47.7097,16.5098
7023,47.7614667,16.4502667
7024,47.7865,16.4546
7031,47.7855,16.4149
7032,47.7753,16.395
7033,47.8021,16.38525
7034,47.7997,16.3994
7035,47.8165,16.40805
7041,47.7975,16.5045
7042,47.7738,16.4798
7051,47.8359,16.4804
7052,47.8394,16.4626
7053,47.8805,16.4445
7061,47.8219,16.6317
7062,47.8034,16.6088
7063,47.8333,16.6667
7064,47.8291,16.6196
7071,47.8012,16.6716
7072,47.75,16.6667
7081,47.8523,16.6233
7082,47.8942,16.6463
7083,47.9129,16.6956
7091,47.9445,16.7315
7092,47.95,16.75
7093,47.9617,16.796
7100,47.93715,16.85535
7111,47.9996,16.8605
7121,47.9253,16.869
7122,47.8969,16.9111
7123,47.8802,16.9413
7131,47.8702,16.9754
7132,47.79035,16.878
7141,47.8541,16.8371
7142,47.7615,16.8002
7143,47.7439,16.8302
7151,47.7285,16.9371
7152,47.7147,16.92245
7161,47.764,16.88605
7162,47.7667,16.9833
7163,47.7744,17.0329
7201,47.7966,16.2977
7202,47.7875,16.3302
7203,47.7378,16.338
7210,47.7333,16.4
7212,47.72245,16.29765
7221,47.7167,16.4167
7222,47.7052,16.4301
7223,47.6513,16.3799
7301,47.6,16.62
7302,47.53085,16.65235
7304,47.51726,16.55548
7311,47.59875,16.5598
7312,47.5889,16.5645
7321,47.5756667,16.5111333
7322,47.5904,16.4653
7323,47.6132,16.4955
7331,47.6027667,16.4095333
7332,47.6056,16.3841
7341,47.5644,16.3838
7342,47.5374,16.392
7343,47.5455,16.4462
7344,47.5284,16.4776
7350,47.5108333,16.4994333
7361,47.465725,16.616475
7371,47.4725667,16.3623
7372,47.5128,16.3732
7373,47.4483,16.4152
7374,47.5139,16.3637
7400,47.32144,16.22478
7410,47.325,16.075
7411,47.3,16.09165
7412,47.25,16.1
7421,47.3836,16.111
7422,47.35,16.1333
7423,47.38695,16.10878
7431,47.35425,16.2274
7432,47.3837,16.19765
7433,47.37316,16.24296
7434,47.4125667,16.2566333
7435,47.37666,16.32
7441,47.4407,16.3304857
7442,47.40412,16.40292
7443,47.4107,16.49625
7444,47.4289,16.5407667
7451,47.4474,16.5076
7452,47.4683333,16.5660667
7453,47.4788,16.48545
7461,47.3140111,16.3069778
7463,47.31312,16.3428
7464,47.3049,16.3862
7471,47.3047,16.441
7472,47.2383667,16.4241
7473,47.2152333,16.3886
7474,47.1700833,16.4221
7501,47.2546667,16.2659
7503,47.2438875,16.3091125
7511,47.20285,16.30225
7512,47.17085,16.363625
7521,47.1121333,16.45915
7522,47.04541,16.42149
7531,47.2333,16.15
7532,47.2,16.15
7533,47.1833,16.1667
7534,47.1583,16.21665
7535,47.122775,16.252275
7536,47.1667,16.3
7537,47.1591,16.2209
7540,47.0486923,16.3258692
7542,47.0686,16.2646333
7543,47.085525,16.190075
7544,47.0967833,16.3005
7551,47.13335,16.17085
7552,47.2,16.1167
7561,46.99305,16.2429
7562,47.01665,16.2
7563,47.0,16.1667
7564,47.03335,16.125
7571,47.05,16.1167
7572,47.10615,16.1115
8010,47.0833,15.5417
8020,47.0232,15.5337
8036,47.0232,15.5337
8041,47.1352,15.4601
8042,47.1352,15.4601
8043,47.1352,15.4601
8044,47.1376,15.48839
8045,47.1457714,15.4528714
8046,47.14335,15.4225083
8047,47.10255,15.4965
8051,47.04008,15.37026
8052,47.0456,15.357175
8053,47.031,15.3727
8054,47.01785,15.38365
8055,47.02325,15.379525
8061,47.1746833,15.5027
8062,47.1532167,15.53055
8063,47.1288077,15.5628154
8071,46.99555,15.51405
8072,46.9652857,15.4969286
8073,46.9945889,15.4424778
8074,46.9907,15.4836
8075,47.01595,15.49555
8076,46.9888,15.4758
8077,47.0,15.4722333
8081,46.9455684,15.6225842
8082,46.929425,15.660675
8083,46.90082,15.68788
8091,46.85162,15.73562
8092,46.79942,15.7076
8093,46.8037417,15.7472333
8101,47.15872,15.36024
8102,47.19679,15.37399
8103,47.15538,15.29692
8111,47.1175286,15.3105571
8112,47.1259833,15.2900833
8113,47.08725,15.2636786
8114,47.1586364,15.2997727
8120,47.2,15.35
8121,47.21,15.30666
8122,47.22975,15.26445
8124,47.22312,15.23526
8130,47.2762458,15.3131958
8131,47.33648,15.35462
8132,47.36066,15.3377
8141,46.9527857,15.4086857
8142,46.923325,15.4372625
8143,46.928425,15.379375
8144,46.9671231,15.3779846
8151,47.0413143,15.2882714
8152,47.0455143,15.2217786
8153,47.1467143,15.1563
8160,47.2270053,15.5891684
8162,47.2486143,15.5444
8163,47.2779,15.4941667
8171,47.3123,15.57515
8172,47.3123,15.5752
8181,47.1818478,15.6596
8182,47.2141625,15.71725
8183,47.23426,15.72976
8184,47.2153889,15.6918444
8190,47.3905167,15.72455
8191,47.396,15.7226
8192,47.412475,15.716675
8200,47.1085759,15.7091
8211,47.1461231,15.7631077
8212,47.1796267,15.7830467
8221,47.1963,15.848375
8222,47.2103571,15.8257857
8223,47.2310167,15.8128333
8224,47.2137833,15.8623333
8225,47.2266938,15.8474375
8230,47.29181,15.978155
8232,47.3229727,15.9860364
8233,47.3270333,15.9939667
8234,47.3167125,15.984775
8240,47.42445,16.0579375
8241,47.4305667,16.0269333
8242,47.43998,16.01164
8243,47.44685,16.05619
8244,47.45203,16.07071
8250,47.44068,15.81166
8251,47.4452,15.8037
8252,47.4452,15.8037
8253,47.4532375,15.8169
8254,47.4257,15.79408
8255,47.464825,15.76955
8261,47.1077333,15.8282467
8262,47.0942737,15.9036684
8263,47.0948,15.92174
8264,47.11812,15.90176
8265,47.1390222,15.8851222
8271,47.1863111,16.0018444
8272,47.2066727,15.9770455
8273,47.2062,15.9604
8274,47.2281364,16.0091636
8280,47.0727125,16.0711
8282,47.0269,16.10554
8283,47.1138625,16.0462375
8291,47.1452,16.10995
8292,47.189325,16.10045
8293,47.2178,16.0828
8294,47.24668,16.03258
8295,47.2618667,16.033
8301,47.0629429,15.5629714
8302,47.0528636,15.5857545
8311,47.0475636,15.8293455
8312,47.0419875,15.8822375
8313,47.0359167,15.8961333
8321,47.0370182,15.7374727
8322,47.01234,15.74211
8323,47.0119,15.7345538
8324,46.9769273,15.7564636
8330,46.9907111,15.8705222
8332,46.9917889,15.8576778
8333,47.0040313,15.8916562
8334,46.995,15.8748
8341,46.9157813,15.8075063
8342,46.8841067,15.83125
8343,46.8795,15.8358
8344,46.8822267,15.8568267
8345,46.8433571,15.8488238
8350,46.9120063,16.0113375
8352,46.952375,16.0472
8353,46.8908833,15.9783833
8354,46.84795,15.9774
8355,46.7923125,15.95025
8361,47.0125875,16.0209875
8362,47.0177929,16.0143929
8380,46.94664,16.14818
8382,46.9635,16.2125286
8383,46.91455,16.1154667
8384,46.88124,16.0939
8385,46.8716667,16.03995
8401,46.96128,15.44718
8402,46.9242,15.4908
8403,46.8541571,15.5080214
8410,46.8896267,15.5260933
8411,46.86591,15.45748
8412,46.9002667,15.55965
8413,46.8670955,15.5698455
8421,46.8293933,15.66352
8422,46.80294,15.66238
8423,46.7670636,15.6426182
8424,46.783675,15.58745
8430,46.79355,15.534475
8431,46.7855,15.54
8435,46.7639667,15.5547333
8441,46.7629571,15.4279143
8442,46.7674,15.4287429
8443,46.75205,15.3814286
8444,46.78477,15.39732
8451,46.7361375,15.4469812
8452,46.7259583,15.4292417
8453,46.70679,15.39199
8454,46.6813545,15.3861364
8455,46.6941571,15.3678714
8461,46.7101667,15.5636917
8462,46.70268,15.51977
8463,46.6779,15.4932417
8471,46.7103286,15.6410429
8472,46.725825,15.62195
8473,46.7057,15.7075
8480,46.7419625,15.85275
8481,46.7468,15.8639
8483,46.7557,15.8499
8484,46.7368167,15.90435
8490,46.72994,15.96785
8492,46.7337857,15.9470143
8493,46.76785,15.9670333
8501,46.9736333,15.3389667
8502,46.9100571,15.3663143
8503,46.8947545,15.3788818
8504,46.8715071,15.4029929
8505,46.8287667,15.442975
8510,46.9022136,15.2527
8511,46.9114429,15.2565714
8521,46.8230333,15.3812667
8522,46.8180762,15.3039714
8523,46.8195714,15.2585714
8524,46.8266062,15.2817687
8530,46.8076059,15.2444059
8541,46.75662,15.2407267
8542,46.7555273,15.257
8543,46.7574462,15.2814462
8544,46.73762,15.28922
8551,46.7184909,15.2482
8552,46.712635,15.245275
8553,46.7157,15.2468
8554,46.7157,15.2468
8561,47.0056125,15.2698
8562,46.97066,15.27007
8563,46.9923364,15.2114091
8564,47.01472,15.20756
8565,47.0095286,15.2381
8570,47.0459125,15.147975
8572,47.08475,15.1202667
8573,47.10835,15.0987375
8580,47.0389923,15.0728538
8582,47.0561,15.1107
8583,47.0203,15.0353667
8584,47.0211,14.9557
8591,47.0666714,15.0488
8592,47.079175,15.043725
8593,47.09585,15.0479
8600,47.4342043,15.2778478
8605,47.4514118,15.2874
8611,47.4601833,15.1729833
8612,47.4678,15.193
8614,47.3797,15.4045
8616,47.385,15.579775
8621,47.5321667,15.2426333
8622,47.5431,15.2725
8623,47.54666,15.24666
8624,47.5441,15.280625
8625,47.55196,15.32784
8630,47.7673,15.33016
8632,47.7536,15.3244
8634,47.7536,15.3244
8635,47.7536,15.3244
8636,47.6167,15.2667
8641,47.4689,15.3586875
8642,47.47287,15.35764
8643,47.4711,15.3581
8644,47.4711,15.3581
8650,47.47845,15.49515
8652,47.4712667,15.5102
8653,47.45485,15.5271
8654,47.441675,15.625
8661,47.53025,15.4988
8662,47.552725,15.537675
8663,47.5673,15.5325
8664,47.5609,15.5674
8665,47.5706,15.6239143
8670,47.5495778,15.5902778
8671,47.5083,15.61665
8672,47.4785333,15.6958
8673,47.4643,15.6953
8674,47.50862,15.74738
8680,47.5976333,15.701825
8682,47.58262,15.66726
8684,47.6135,15.751
8685,47.6151,15.7755
8691,47.67166,15.58166
8692,47.6612,15.5757875
8693,47.6729,15.5729
8694,47.69785,15.556125
8700,47.3719833,15.0882833
8712,47.38608,15.09432
8713,47.3177714,14.9711714
8714,47.304175,14.933325
8715,47.2885643,14.9388786
8720,47.2357125,14.812075
8723,47.2472143,14.8233714
8724,47.2242143,14.8013714
8731,47.2683714,14.6871286
8732,47.2718167,14.7674333
8733,47.2781615,14.8425231
8734,47.25322,14.7872
8740,47.16558,14.73374
8741,47.1366895,14.7151526
8742,47.1205409,14.7005636
8750,47.1890846,14.6270077
8753,47.1988,14.6643727
8754,47.1953,14.5959
8755,47.1739,14.588975
8756,47.201825,14.5292
8761,47.2312929,14.5867071
8762,47.2510889,14.4888111
8763,47.2955667,14.4684
8764,47.3061,14.3756
8765,47.2478,14.5331
8770,47.3567667,14.9669889
8772,47.37085,14.970825
8773,47.38622,14.91314
8774,47.3997667,14.8369167
8775,47.41215,14.780375
8781,47.452475,14.614975
8782,47.4932,14.4432
8783,47.4932,14.4432
8784,47.49666,14.46
8785,47.425,14.5083
8786,47.5133143,14.3787857
8790,47.5333,14.8833
8792,47.3976143,14.9946
8793,47.4301286,14.9412048
8794,47.4444333,14.9596
8795,47.525,14.725
8800,47.2055667,14.45
8811,47.1384167,14.3839333
8812,47.0888667,14.3666667
8813,47.0878,14.3213333
8820,47.0594222,14.4424111
8822,47.01195,14.5112833
8831,47.1719333,14.3219667
8832,47.1950636,14.2535091
8833,47.13205,14.3293
8841,47.1308,14.3086
8842,47.1575,14.24938
8843,47.1788667,14.1868167
8844,47.179825,14.12905
8850,47.1012182,14.1618182
8852,47.1253,14.1155
8853,47.14678,14.08952
8854,47.1777667,13.9889
8861,47.101725,14.079025
8862,47.0870714,13.9769
8863,47.075,13.925
8864,46.9608,13.8878
8900,47.54666,14.29666
8903,47.5368125,14.2553937
8904,47.5833,14.3555333
8911,47.57732,14.44344
8912,47.5806,14.48655
8913,47.5770667,14.4578667
8920,47.6476,14.8128
8921,47.6467333,14.7559667
8922,47.6476,14.8128
8923,47.6476,14.8128
8924,47.6488,14.89805
8931,47.664225,14.729475
8932,47.691325,14.641325
8933,47.6864,14.63306
8934,47.7220167,14.6331
8940,47.5595286,14.2452571
8942,47.55,14.14165
8943,47.5151,14.1542
8950,47.53685,14.11345
8951,47.518975,14.07105
8952,47.4897625,14.0995125
8953,47.4654667,14.1183889
8954,47.48658,13.99932
8960,47.442625,13.9339625
8961,47.387325,13.956325
8962,47.433,13.9014889
8965,47.416425,13.865625
8966,47.41678,13.82466
8967,47.4111778,13.767
8970,47.402025,13.68585
8971,47.4064,13.6897
8972,47.4123333,13.6948667
8973,47.4064,13.6897
8974,47.4064,13.6897
8982,47.5488667,13.98775
8983,47.5552333,13.9401889
8984,47.5527,13.9592
8990,47.6046182,13.7863545
8992,47.63092,13.76264
8993,47.62306,13.82464
9020,46.6506087,14.3538957
9061,46.6594667,14.2953167
9062,46.6621556,14.2525444
9063,46.67325,14.3466833
9064,46.6691881,14.3968524
9065,46.6098515,14.3864515
9071,46.5632308,14.2073923
9072,46.5538059,14.1637118
9073,46.5670778,14.2234333
9074,46.5823867,14.1840133
9081,46.61065,14.174725
9082,46.6133333,14.1693
9100,46.6660036,14.6257179
9102,46.693265,14.58717
9103,46.7193571,14.6309714
9111,46.6937267,14.6906733
9112,46.7147718,14.7267487
9113,46.676615,14.756105
9121,46.62594,14.56878
9122,46.6117108,14.589927
9123,46.6171,14.5953
9125,46.62381,14.65492
9130,46.6185875,14.4953542
9131,46.5962088,14.4952412
9132,46.5669611,14.5170389
9133,46.5620793,14.5658414
9135,46.51325,14.5790357
9141,46.579,14.6660429
9142,46.5650889,14.7012444
9143,46.5699429,14.7419071
9150,46.6045552,14.8104862
9155,46.6235438,14.8547188
9161,46.5528,14.299913
9162,46.53254,14.25115
9163,46.5085167,14.2695
9170,46.51268,14.34894
9173,46.5278286,14.4122929
9181,46.5151333,14.1654667
9182,46.5317,14.0885833
9183,46.5361167,14.0500833
9184,46.5495727,14.0500636
9201,46.63716,14.19924
9210,46.6321333,14.1716667
9212,46.6442294,14.0988647
9220,46.6132042,14.0285292
9231,46.6481167,14.0082167
9232,46.5925824,14.0063059
9241,46.6202913,13.9597739
9300,46.7780143,14.3445114
9311,46.8114722,14.3539278
9312,46.8213833,14.3980389
9313,46.7945077,14.4136154
9314,46.7848667,14.4314381
9321,46.8386033,14.4667167
9322,46.8907167,14.4428167
9323,47.0051,14.4028
9330,46.8766211,14.4579211
9334,46.8893053,14.4924895
9335,46.9065167,14.5419833
9341,46.8894655,14.25746
9342,46.8671857,14.2425143
9343,46.8831286,14.2100857
9344,46.850005,14.197115
9345,46.8645867,14.1673733
9346,46.8907533,14.135
9360,46.9621071,14.3859036
9361,46.9794905,14.3223619
9362,46.96804,14.28764
9363,46.98228,14.1944133
9371,46.7739579,14.5406895
9372,46.807525,14.5618583
9373,46.8295,14.5457
9374,46.8591154,14.5529154
9375,46.8956125,14.5499875
9376,46.8827429,14.5581571
9400,46.8525304,14.8292348
9411,46.8379846,14.7778231
9412,46.8724667,14.7895111
9413,46.87195,14.8679278
9421,46.7675889,14.9001222
9422,46.7381308,14.8899846
9423,46.732175,14.90854
9431,46.8015838,14.8405162
9433,46.7760262,14.8209381
9441,46.9165857,14.8686714
9451,46.9527429,14.9443
9461,46.91936,14.79472
9462,46.9496842,14.7957895
9463,46.963575,14.7605
9470,46.6923083,14.8641083
9472,46.6693667,14.9426
9473,46.65482,14.93678
9500,46.6180605,13.8357316
9504,46.6078333,13.8247
9520,46.658225,13.9
9521,46.6620286,13.8672571
9523,46.6430875,13.8825125
9524,46.6234,13.89045
9530,46.61985,13.752175
9531,46.615175,13.628525
9535,46.5982267,14.0434133
9536,46.57884,14.02692
9541,46.7092833,13.8211833
9542,46.7365538,13.7957154
9543,46.7433857,13.8464571
9544,46.7692125,13.7733125
9545,46.7804929,13.7595857
9546,46.80886,13.79033
9551,46.7020091,14.0249273
9552,46.71295,14.07335
9554,46.7358963,14.1762444
9555,46.7217095,14.2009905
9556,46.741171,14.2210242
9560,46.726371,14.0963092
9562,46.746175,14.0371464
9563,46.7799077,13.9711231
9564,46.7755,13.9708182
9565,46.8354,13.92791
9570,46.673,13.99095
9571,46.8319375,14.0361781
9572,46.8452217,14.0495478
9580,46.58408,13.89798
9581,46.56,13.969525
9582,46.5519625,13.9173125
9583,46.5663,13.89225
9584,46.5584667,13.8705
9585,46.5705857,13.8492714
9586,46.5681889,13.8140111
9587,46.5535273,13.8177273
9601,46.5480875,13.7107625
9602,46.5468143,13.6582857
9611,46.5922,13.60442
9612,46.6053091,13.5777636
9613,46.56752,13.62066
9614,46.59715,13.5445
9615,46.6054091,13.5148545
9620,46.6323763,13.3630105
9622,46.6626,13.31454
9623,46.6258833,13.4642278
9624,46.6151143,13.4281143
9631,46.6339846,13.2164615
9632,46.6414222,13.1823667
9633,46.6404857,13.1562143
9634,46.6429636,13.1422364
9635,46.6533,13.1031615
9640,46.6719667,12.9990083
9651,46.686375,12.903125
9652,46.6882571,12.8622143
9653,46.695775,12.8181833
9654,46.70698,12.766
9655,46.7018,12.7568375
9701,46.7595706,13.5988471
9702,46.7513538,13.6252462
9710,46.6953083,13.6520833
9711,46.70905,13.62171
9712,46.7187833,13.6842
9713,46.72534,13.58624
9714,46.7097111,13.5610778
9721,46.67482,13.72214
9722,46.6602333,13.7572667
9751,46.7921,13.33542
9753,46.7729,13.3358267
9754,46.7707,13.2916857
9761,46.742205,13.200425
9762,46.7201571,13.2832143
9771,46.747775,13.123225
9772,46.7519667,13.0979583
9773,46.7503357,13.0916643
9781,46.75638,12.9524
9782,46.7898714,12.9152286
9800,46.7946833,13.5100611
9805,46.7997143,13.4647714
9811,46.8474,13.4043111
9812,46.8600286,13.3597429
9813,46.8557333,13.3602333
9814,46.8478667,13.3567667
9815,46.87945,13.32568
9816,46.8934,13.2707286
9821,46.9445053,13.2060947
9822,46.975675,13.1865
9831,46.9340444,13.0819778
9832,46.9001867,13.0308467
9833,46.87413,12.96572
9841,46.8952875,12.88895
9842,46.932,12.8967778
9843,46.9686786,12.89075
9844,46.9589727,12.8880909
9851,46.8567556,13.4905778
9852,46.8891417,13.4975167
9853,46.9069619,13.5151048
9854,46.9463636,13.4979364
9861,46.9484562,13.6017187
9862,46.9700824,13.6258765
9863,46.997692,13.607008
9871,46.8255,13.5498583
9872,46.810945,13.585365
9873,46.79935,13.6175
9900,46.83415,12.7659
9903,46.8533,12.7130333
9904,46.8541,12.76112
9905,46.85,12.7833
9906,46.7989,12.8381
9907,46.8161,12.7897
9908,46.8164,12.7636
9909,46.8049333,12.7391667
9911,46.7890444,12.6382389
9912,46.77032,12.558785
9913,46.778,12.5904
9918,46.7539,12.4842
9919,46.76635,12.52855
9920,46.7508667,12.409
9931,46.7875,12.4314
9932,46.8119,12.3747
9941,46.73195,12.48135
9942,46.71355,12.605825
9943,46.7042,12.7086
9951,46.876,12.6918333
9952,46.8769,12.6824
9954,46.8794,12.6542
9961,46.9265429,12.5166143
9962,46.92355,12.4221833
9963,46.91722,12.33532
9971,47.0008591,12.5382409
9972,46.9997286,12.4501286
9974,47.01684,12.3714
9981,46.9823182,12.6286818
9990,46.84285,12.8126
9991,46.8266,12.8433
9992,46.8357,12.8497
